API reference URL,JS method docs,Python method docs
https://docs.apify.com/api/v2#/reference/actors/build-collection/build-actor,https://docs.apify.com/api/client/js/reference/class/ActorClient#build,https://docs.apify.com/api/client/python/reference/class/ActorClient#build
https://docs.apify.com/api/v2#/reference/actors/build-collection,https://docs.apify.com/api/client/js/reference/class/ActorClient#builds,#N/A
https://docs.apify.com/api/v2#/reference/actors/run-collection/run-actor,https://docs.apify.com/api/client/js/reference/class/ActorClient#call,https://docs.apify.com/api/client/python/reference/class/ActorClient#start
https://docs.apify.com/api/v2#/reference/actors/actor-object/delete-actor,https://docs.apify.com/api/client/js/reference/class/ActorClient#delete,#N/A
https://docs.apify.com/api/v2#/reference/actors/actor-object/get-actor,https://docs.apify.com/api/client/js/reference/class/ActorClient#get,https://docs.apify.com/api/client/python/reference/class/ActorClient#get
https://docs.apify.com/api/v2#/reference/actors/last-run-object-and-its-storages,https://docs.apify.com/api/client/js/reference/class/ActorClient#lastRun,https://docs.apify.com/api/client/python/reference/class/RunClient#dataset
https://docs.apify.com/api/v2#/reference/actors/run-collection,https://docs.apify.com/api/client/js/reference/class/ActorClient#runs,#N/A
https://docs.apify.com/api/v2#/reference/actors/run-collection/run-actor,https://docs.apify.com/api/client/js/reference/class/ActorClient#call,https://docs.apify.com/api/client/python/reference/class/ActorClient#start
https://docs.apify.com/api/v2#/reference/actors/actor-object/update-actor,https://docs.apify.com/api/client/js/reference/class/ActorClient#update,https://docs.apify.com/api/client/python/reference/class/ActorClient#update
https://docs.apify.com/api/v2#/reference/actors/version-object,https://docs.apify.com/api/client/js/reference/class/ActorClient#version,#N/A
https://docs.apify.com/api/v2#/reference/actors/version-collection,https://docs.apify.com/api/client/js/reference/class/ActorClient#versions,#N/A
https://docs.apify.com/api/v2#/reference/actors/webhook-collection,https://docs.apify.com/api/client/js/reference/class/ActorClient#webhooks,#N/A
https://docs.apify.com/api/v2#/reference/actors/actor-collection/create-actor,https://docs.apify.com/api/client/js/reference/class/ActorCollectionClient#create,https://docs.apify.com/api/client/python/reference/class/ActorCollectionClient#create
https://docs.apify.com/api/v2#/reference/actors/actor-collection/get-list-of-actors,https://docs.apify.com/api/client/js/reference/class/ActorCollectionClient#list,https://docs.apify.com/api/client/python/reference/class/ActorCollectionClient#list
https://docs.apify.com/api/v2#/reference/actors/actor-object,https://docs.apify.com/api/client/js/reference/class/ApifyClient#actor,#N/A
https://docs.apify.com/api/v2#/reference/actors/actor-collection,https://docs.apify.com/api/client/js/reference/class/ApifyClient#actors,#N/A
https://docs.apify.com/api/v2#/reference/actor-builds/build-object,https://docs.apify.com/api/client/js/reference/class/ApifyClient#build,#N/A
https://docs.apify.com/api/v2#/reference/actor-builds/build-collection,https://docs.apify.com/api/client/js/reference/class/ApifyClient#builds,#N/A
https://docs.apify.com/api/v2#/reference/datasets/dataset,https://docs.apify.com/api/client/js/reference/class/ApifyClient#dataset,#N/A
https://docs.apify.com/api/v2#/reference/datasets/dataset-collection,https://docs.apify.com/api/client/js/reference/class/ApifyClient#datasets,#N/A
https://docs.apify.com/api/v2#/reference/key-value-stores/store-object,https://docs.apify.com/api/client/js/reference/class/ApifyClient#keyValueStore,#N/A
https://docs.apify.com/api/v2#/reference/key-value-stores/store-collection,https://docs.apify.com/api/client/js/reference/class/ApifyClient#keyValueStores,#N/A
https://docs.apify.com/api/v2#/reference/logs,https://docs.apify.com/api/client/js/reference/class/ApifyClient#log,#N/A
https://docs.apify.com/api/v2#/reference/request-queues/queue,https://docs.apify.com/api/client/js/reference/class/ApifyClient#requestQueue,#N/A
https://docs.apify.com/api/v2#/reference/request-queues/queue-collection,https://docs.apify.com/api/client/js/reference/class/ApifyClient#requestQueues,#N/A
https://docs.apify.com/api/v2#/reference/actor-runs/run-object-and-its-storages,https://docs.apify.com/api/client/js/reference/class/ApifyClient#run,#N/A
https://docs.apify.com/api/v2#/reference/actor-runs/run-collection,https://docs.apify.com/api/client/js/reference/class/ApifyClient#runs,#N/A
https://docs.apify.com/api/v2#/reference/schedules/schedule-object,https://docs.apify.com/api/client/js/reference/class/ApifyClient#schedule,#N/A
https://docs.apify.com/api/v2#/reference/schedules/schedules-collection,https://docs.apify.com/api/client/js/reference/class/ApifyClient#schedules,#N/A
https://docs.apify.com/api/v2/#/reference/store,https://docs.apify.com/api/client/js/reference/class/ApifyClient#store,#N/A
https://docs.apify.com/api/v2#/reference/actor-tasks/task-object,https://docs.apify.com/api/client/js/reference/class/ApifyClient#task,#N/A
https://docs.apify.com/api/v2#/reference/actor-tasks/task-collection,https://docs.apify.com/api/client/js/reference/class/ApifyClient#tasks,#N/A
https://docs.apify.com/api/v2#/reference/users,https://docs.apify.com/api/client/js/reference/class/ApifyClient#user,https://docs.apify.com/api/client/python/reference/class/UserClient#get
https://docs.apify.com/api/v2#/reference/webhooks/webhook-object,https://docs.apify.com/api/client/js/reference/class/ApifyClient#webhook,#N/A
https://docs.apify.com/api/v2#/reference/webhook-dispatches/webhook-dispatch-object,https://docs.apify.com/api/client/js/reference/class/ApifyClient#webhookDispatch,#N/A
https://docs.apify.com/api/v2#/reference/webhook-dispatches,https://docs.apify.com/api/client/js/reference/class/ApifyClient#webhookDispatches,#N/A
https://docs.apify.com/api/v2#/reference/webhooks/webhook-collection,https://docs.apify.com/api/client/js/reference/class/ApifyClient#webhooks,#N/A
https://docs.apify.com/api/v2#/reference/actor-builds/abort-build/abort-build,https://docs.apify.com/api/client/js/reference/class/BuildClient#abort,https://docs.apify.com/api/client/python/reference/class/BuildClient#abort
https://docs.apify.com/api/v2#/reference/actor-builds/delete-build/delete-build,https://docs.apify.com/api/client/js/reference/class/BuildClient#delete,#N/A
https://docs.apify.com/api/v2#/reference/actor-builds/build-object/get-build,https://docs.apify.com/api/client/js/reference/class/BuildClient#get,https://docs.apify.com/api/client/python/reference/class/BuildClient#get
https://docs.apify.com/api/v2#/reference/actor-builds/build-log,https://docs.apify.com/api/client/js/reference/class/BuildClient#log,#N/A
https://docs.apify.com/api/v2#/reference/actors/build-collection/get-list-of-builds,https://docs.apify.com/api/client/js/reference/class/BuildCollectionClient#list,https://docs.apify.com/api/client/python/reference/class/BuildCollectionClient#list
https://docs.apify.com/api/v2#/reference/datasets/dataset/delete-dataset,https://docs.apify.com/api/client/js/reference/class/DatasetClient#delete,#N/A
https://docs.apify.com/api/v2#/reference/datasets/item-collection/get-items,https://docs.apify.com/api/client/js/reference/class/DatasetClient#downloadItems,https://docs.apify.com/api/client/python/reference/class/DatasetClient#list_items
https://docs.apify.com/api/v2#/reference/datasets/dataset/get-dataset,https://docs.apify.com/api/client/js/reference/class/DatasetClient#get,https://docs.apify.com/api/client/python/reference/class/DatasetClient#get
https://docs.apify.com/api/v2#/reference/datasets/item-collection/get-items,https://docs.apify.com/api/client/js/reference/class/DatasetClient#downloadItems,https://docs.apify.com/api/client/python/reference/class/DatasetClient#list_items
https://docs.apify.com/api/v2#/reference/datasets/item-collection/put-items,https://docs.apify.com/api/client/js/reference/class/DatasetClient#pushItems,https://docs.apify.com/api/client/python/reference/class/DatasetClient#push_items
https://docs.apify.com/api/v2#/reference/datasets/dataset/update-dataset,https://docs.apify.com/api/client/js/reference/class/DatasetClient#update,https://docs.apify.com/api/client/python/reference/class/DatasetClient#update
https://docs.apify.com/api/v2#/reference/datasets/dataset-collection/create-dataset,https://docs.apify.com/api/client/js/reference/class/DatasetCollectionClient#getOrCreate,https://docs.apify.com/api/client/python/reference/class/DatasetCollectionClient#get_or_create
https://docs.apify.com/api/v2#/reference/datasets/dataset-collection/get-list-of-datasets,https://docs.apify.com/api/client/js/reference/class/DatasetCollectionClient#list,https://docs.apify.com/api/client/python/reference/class/DatasetCollectionClient#list
https://docs.apify.com/api/v2#/reference/key-value-stores/store-object/delete-store,https://docs.apify.com/api/client/js/reference/class/KeyValueStoreClient#delete,#N/A
https://docs.apify.com/api/v2#/reference/key-value-stores/record/delete-record,https://docs.apify.com/api/client/js/reference/class/KeyValueStoreClient#deleteRecord,https://docs.apify.com/api/client/python/reference/class/KeyValueStoreClient#delete_record
https://docs.apify.com/api/v2#/reference/key-value-stores/store-object/get-store,https://docs.apify.com/api/client/js/reference/class/KeyValueStoreClient#get,https://docs.apify.com/api/client/python/reference/class/KeyValueStoreClient#get
https://docs.apify.com/api/v2#/reference/key-value-stores/record/get-record,https://docs.apify.com/api/client/js/reference/class/KeyValueStoreClient#getRecord,https://docs.apify.com/api/client/python/reference/class/KeyValueStoreClient#get_record
https://docs.apify.com/api/v2#/reference/key-value-stores/key-collection/get-list-of-keys,https://docs.apify.com/api/client/js/reference/class/KeyValueStoreClient#listKeys,https://docs.apify.com/api/client/python/reference/class/KeyValueStoreClient#list_keys
https://docs.apify.com/api/v2#/reference/key-value-stores/record/get-record,https://docs.apify.com/api/client/js/reference/class/KeyValueStoreClient#getRecord,https://docs.apify.com/api/client/python/reference/class/KeyValueStoreClient#get_record
https://docs.apify.com/api/v2#/reference/key-value-stores/record/put-record,https://docs.apify.com/api/client/js/reference/class/KeyValueStoreClient#setRecord,https://docs.apify.com/api/client/python/reference/class/KeyValueStoreClient#set_record
https://docs.apify.com/api/v2#/reference/key-value-stores/store-object/update-store,https://docs.apify.com/api/client/js/reference/class/KeyValueStoreClient#update,https://docs.apify.com/api/client/python/reference/class/KeyValueStoreClient#update
https://docs.apify.com/api/v2#/reference/key-value-stores/store-collection/create-key-value-store,https://docs.apify.com/api/client/js/reference/class/KeyValueStoreCollectionClient#getOrCreate,https://docs.apify.com/api/client/python/reference/class/KeyValueStoreCollectionClient#get_or_create
https://docs.apify.com/api/v2#/reference/key-value-stores/store-collection/get-list-of-key-value-stores,https://docs.apify.com/api/client/js/reference/class/KeyValueStoreCollectionClient#list,https://docs.apify.com/api/client/python/reference/class/KeyValueStoreCollectionClient#list
https://docs.apify.com/api/v2#/reference/logs/log/get-log,https://docs.apify.com/api/client/js/reference/class/LogClient#get,https://docs.apify.com/api/client/python/reference/class/LogClient#get
https://docs.apify.com/api/v2#/reference/logs/log/get-log,https://docs.apify.com/api/client/js/reference/class/LogClient#get,https://docs.apify.com/api/client/python/reference/class/LogClient#get
https://docs.apify.com/api/v2#/reference/request-queues/request-collection/add-request,https://docs.apify.com/api/client/js/reference/class/RequestQueueClient#addRequest,https://docs.apify.com/api/client/python/reference/class/RequestQueueClient#add_request
https://docs.apify.com/api/v2#/reference/request-queues/batch-request-operations/add-requests,https://docs.apify.com/api/client/js/reference/class/RequestQueueClient#batchAddRequests,https://docs.apify.com/api/client/python/reference/class/RequestQueueClient#batch_add_requests
https://docs.apify.com/api/v2#/reference/request-queues/batch-request-operations/delete-requests,https://docs.apify.com/api/client/js/reference/class/RequestQueueClient#batchDeleteRequests,https://docs.apify.com/api/client/python/reference/class/RequestQueueClient#batch_delete_requests
https://docs.apify.com/api/v2#/reference/request-queues/queue/delete-request-queue,https://docs.apify.com/api/client/js/reference/class/RequestQueueClient#delete,#N/A
https://docs.apify.com/api/v2#/reference/request-queues/request-lock/delete-request-lock,https://docs.apify.com/api/client/js/reference/class/RequestQueueClient#deleteRequestLock,https://docs.apify.com/api/client/python/reference/class/RequestQueueClient#delete_request_lock
https://docs.apify.com/api/v2#/reference/request-queues/queue/get-request-queue,https://docs.apify.com/api/client/js/reference/class/RequestQueueClient#get,https://docs.apify.com/api/client/python/reference/class/RequestQueueClient#get
https://docs.apify.com/api/v2#/reference/request-queues/request/get-request,https://docs.apify.com/api/client/js/reference/class/RequestQueueClient#getRequest,https://docs.apify.com/api/client/python/reference/class/RequestQueueClient#get_request
https://docs.apify.com/api/v2#/reference/request-queues/queue-head-with-locks/get-head-and-lock,https://docs.apify.com/api/client/js/reference/class/RequestQueueClient#listAndLockHead,https://docs.apify.com/api/client/python/reference/class/RequestQueueClient#list_and_lock_head
https://docs.apify.com/api/v2#/reference/request-queues/queue-head/get-head,https://docs.apify.com/api/client/js/reference/class/RequestQueueClient#listHead,https://docs.apify.com/api/client/python/reference/class/RequestQueueClient#list_head
https://docs.apify.com/api/v2#/reference/request-queues/request-collection/list-requests,https://docs.apify.com/api/client/js/reference/class/RequestQueueClient#listRequests,https://docs.apify.com/api/client/python/reference/class/RequestQueueClient#list_requests
https://docs.apify.com/api/v2#/reference/request-queues/request-collection/list-requests,https://docs.apify.com/api/client/js/reference/class/RequestQueueClient#listRequests,https://docs.apify.com/api/client/python/reference/class/RequestQueueClient#list_requests
https://docs.apify.com/api/v2#/reference/request-queues/request-lock/prolong-request-lock,https://docs.apify.com/api/client/js/reference/class/RequestQueueClient#prolongRequestLock,https://docs.apify.com/api/client/python/reference/class/RequestQueueClient#prolong_request_lock
https://docs.apify.com/api/v2#/reference/request-queues/queue/update-request-queue,https://docs.apify.com/api/client/js/reference/class/RequestQueueClient#update,https://docs.apify.com/api/client/python/reference/class/RequestQueueClient#update
https://docs.apify.com/api/v2#/reference/request-queues/request/update-request,https://docs.apify.com/api/client/js/reference/class/RequestQueueClient#updateRequest,https://docs.apify.com/api/client/python/reference/class/RequestQueueClient#update_request
https://docs.apify.com/api/v2#/reference/request-queues/queue-collection/create-request-queue,https://docs.apify.com/api/client/js/reference/class/RequestQueueCollectionClient#getOrCreate,https://docs.apify.com/api/client/python/reference/class/RequestQueueCollectionClient#get_or_create
https://docs.apify.com/api/v2#/reference/request-queues/queue-collection/get-list-of-request-queues,https://docs.apify.com/api/client/js/reference/class/RequestQueueCollectionClient#list,https://docs.apify.com/api/client/python/reference/class/RequestQueueCollectionClient#list
https://docs.apify.com/api/v2#/reference/actor-runs/abort-run/abort-run,https://docs.apify.com/api/client/js/reference/class/RunClient#abort,https://docs.apify.com/api/client/python/reference/class/RunClient#abort
https://docs.apify.com/api/v2#/reference/actor-runs/run-object-and-its-storages,https://docs.apify.com/api/client/js/reference/class/ApifyClient#run,#N/A
https://docs.apify.com/api/v2#/reference/actor-runs/delete-run/delete-run,https://docs.apify.com/api/client/js/reference/class/RunClient#delete,#N/A
https://docs.apify.com/api/v2#/reference/actor-runs/run-object/get-run,https://docs.apify.com/api/client/js/reference/class/RunClient#get,https://docs.apify.com/api/client/python/reference/class/RunClient#get
https://docs.apify.com/api/v2#/reference/actor-runs/run-object-and-its-storages,https://docs.apify.com/api/client/js/reference/class/ApifyClient#run,#N/A
https://docs.apify.com/api/v2#/reference/actor-runs/run-object-and-its-storages,https://docs.apify.com/api/client/js/reference/class/ApifyClient#run,#N/A
https://docs.apify.com/api/v2#/reference/actor-runs/metamorph-run/metamorph-run,https://docs.apify.com/api/client/js/reference/class/RunClient#metamorph,https://docs.apify.com/api/client/python/reference/class/RunClient#metamorph
https://docs.apify.com/api/v2#/reference/actor-runs/reboot-run/reboot-run,https://docs.apify.com/api/client/js/reference/class/RunClient#reboot,https://docs.apify.com/api/client/python/reference/class/RunClient#reboot
https://docs.apify.com/api/v2#/reference/actor-runs/run-object-and-its-storages,https://docs.apify.com/api/client/js/reference/class/ApifyClient#run,#N/A
https://docs.apify.com/api/v2#/reference/actor-runs/resurrect-run/resurrect-run,https://docs.apify.com/api/client/js/reference/class/RunClient#resurrect,https://docs.apify.com/api/client/python/reference/class/RunClient#resurrect
https://docs.apify.com/api/v2#/reference/actors/run-collection/get-list-of-runs,https://docs.apify.com/api/client/js/reference/class/RunCollectionClient#list,https://docs.apify.com/api/client/python/reference/class/RunCollectionClient#list
https://docs.apify.com/api/v2#/reference/schedules/schedule-object/delete-schedule,https://docs.apify.com/api/client/js/reference/class/ScheduleClient#delete,#N/A
https://docs.apify.com/api/v2#/reference/schedules/schedule-object/get-schedule,https://docs.apify.com/api/client/js/reference/class/ScheduleClient#get,https://docs.apify.com/api/client/python/reference/class/ScheduleClient#get
https://docs.apify.com/api/v2#/reference/schedules/schedule-log/get-schedule-log,https://docs.apify.com/api/client/js/reference/class/ScheduleClient#getLog,https://docs.apify.com/api/client/python/reference/class/ScheduleClient#get_log
https://docs.apify.com/api/v2#/reference/schedules/schedule-object/update-schedule,https://docs.apify.com/api/client/js/reference/class/ScheduleClient#update,https://docs.apify.com/api/client/python/reference/class/ScheduleClient#update
https://docs.apify.com/api/v2#/reference/schedules/schedules-collection/create-schedule,https://docs.apify.com/api/client/js/reference/class/ScheduleCollectionClient#create,https://docs.apify.com/api/client/python/reference/class/ScheduleCollectionClient#create
https://docs.apify.com/api/v2#/reference/schedules/schedules-collection/get-list-of-schedules,https://docs.apify.com/api/client/js/reference/class/ScheduleCollectionClient#list,https://docs.apify.com/api/client/python/reference/class/ScheduleCollectionClient#list
https://docs.apify.com/api/v2/#/reference/store/store-actors-collection/get-list-of-actors-in-store,https://docs.apify.com/api/client/js/reference/class/StoreCollectionClient#list,https://docs.apify.com/api/client/python/reference/class/StoreCollectionClient#list
https://docs.apify.com/api/v2#/reference/actor-tasks/run-collection/run-task,https://docs.apify.com/api/client/js/reference/class/TaskClient#call,https://docs.apify.com/api/client/python/reference/class/TaskClient#start
https://docs.apify.com/api/v2#/reference/actor-tasks/task-object/delete-task,https://docs.apify.com/api/client/js/reference/class/TaskClient#delete,#N/A
https://docs.apify.com/api/v2#/reference/actor-tasks/task-object/get-task,https://docs.apify.com/api/client/js/reference/class/TaskClient#get,https://docs.apify.com/api/client/python/reference/class/TaskClient#get
https://docs.apify.com/api/v2#/reference/actor-tasks/task-input-object/get-task-input,https://docs.apify.com/api/client/js/reference/class/TaskClient#getInput,https://docs.apify.com/api/client/python/reference/class/TaskClient#get_input
https://docs.apify.com/api/v2#/reference/actor-tasks/last-run-object-and-its-storages,https://docs.apify.com/api/client/js/reference/class/TaskClient#lastRun,#N/A
https://docs.apify.com/api/v2#/reference/actor-tasks/run-collection,https://docs.apify.com/api/client/js/reference/class/TaskClient#runs,#N/A
https://docs.apify.com/api/v2#/reference/actor-tasks/run-collection/run-task,https://docs.apify.com/api/client/js/reference/class/TaskClient#call,https://docs.apify.com/api/client/python/reference/class/TaskClient#start
https://docs.apify.com/api/v2#/reference/actor-tasks/task-object/update-task,https://docs.apify.com/api/client/js/reference/class/TaskClient#update,https://docs.apify.com/api/client/python/reference/class/TaskClient#update
https://docs.apify.com/api/v2#/reference/actor-tasks/task-input-object/update-task-input,https://docs.apify.com/api/client/js/reference/class/TaskClient#updateInput,https://docs.apify.com/api/client/python/reference/class/TaskClient#update_input
https://docs.apify.com/api/v2#/reference/actor-tasks/webhook-collection,https://docs.apify.com/api/client/js/reference/class/TaskClient#webhooks,#N/A
https://docs.apify.com/api/v2#/reference/actor-tasks/task-collection/create-task,https://docs.apify.com/api/client/js/reference/class/TaskCollectionClient#create,https://docs.apify.com/api/client/python/reference/class/TaskCollectionClient#create
https://docs.apify.com/api/v2#/reference/actor-tasks/task-collection/get-list-of-tasks,https://docs.apify.com/api/client/js/reference/class/TaskCollectionClient#list,https://docs.apify.com/api/client/python/reference/class/TaskCollectionClient#list
https://docs.apify.com/api/v2#/reference/users,https://docs.apify.com/api/client/js/reference/class/ApifyClient#user,https://docs.apify.com/api/client/python/reference/class/UserClient#get
https://docs.apify.com/api/v2#/reference/webhooks/webhook-object/delete-webhook,https://docs.apify.com/api/client/js/reference/class/WebhookClient#delete,#N/A
https://docs.apify.com/api/v2#/reference/webhooks/dispatches-collection,https://docs.apify.com/api/client/js/reference/class/WebhookClient#dispatches,#N/A
https://docs.apify.com/api/v2#/reference/webhooks/webhook-object/get-webhook,https://docs.apify.com/api/client/js/reference/class/WebhookClient#get,https://docs.apify.com/api/client/python/reference/class/WebhookClient#get
https://docs.apify.com/api/v2#/reference/webhooks/webhook-test/test-webhook,https://docs.apify.com/api/client/js/reference/class/WebhookClient#test,https://docs.apify.com/api/client/python/reference/class/WebhookClient#test
https://docs.apify.com/api/v2#/reference/webhooks/webhook-object/update-webhook,https://docs.apify.com/api/client/js/reference/class/WebhookClient#update,https://docs.apify.com/api/client/python/reference/class/WebhookClient#update
https://docs.apify.com/api/v2#/reference/webhooks/webhook-collection/create-webhook,https://docs.apify.com/api/client/js/reference/class/WebhookCollectionClient#create,https://docs.apify.com/api/client/python/reference/class/WebhookCollectionClient#create
https://docs.apify.com/api/v2#/reference/webhooks/webhook-collection/get-list-of-webhooks,https://docs.apify.com/api/client/js/reference/class/WebhookCollectionClient#list,https://docs.apify.com/api/client/python/reference/class/WebhookCollectionClient#list
https://docs.apify.com/api/v2#/reference/webhook-dispatches/webhook-dispatch-object/get-webhook-dispatch,https://docs.apify.com/api/client/js/reference/class/WebhookDispatchClient#get,https://docs.apify.com/api/client/python/reference/class/WebhookDispatchClient#get
https://docs.apify.com/api/v2#/reference/webhook-dispatches/webhook-dispatches-collection/get-list-of-webhook-dispatches,https://docs.apify.com/api/client/js/reference/class/WebhookDispatchCollectionClient#list,https://docs.apify.com/api/client/python/reference/class/WebhookDispatchCollectionClient#list
https://docs.apify.com/api/v2#/reference/webhooks/webhook-test/test-webhook,https://docs.apify.com/api/client/js/reference/class/WebhookClient#test,https://docs.apify.com/api/client/python/reference/class/WebhookClient#test
https://docs.apify.com/api/v2#/reference/webhooks/webhook-object/update-webhook,https://docs.apify.com/api/client/js/reference/class/WebhookClient#update,https://docs.apify.com/api/client/python/reference/class/WebhookClient#update
https://docs.apify.com/api/v2#/reference/webhooks/webhook-collection/create-webhook,https://docs.apify.com/api/client/js/reference/class/WebhookCollectionClient#create,https://docs.apify.com/api/client/python/reference/class/WebhookCollectionClient#create
https://docs.apify.com/api/v2#/reference/webhooks/webhook-collection/get-list-of-webhooks,https://docs.apify.com/api/client/js/reference/class/WebhookCollectionClient#list,https://docs.apify.com/api/client/python/reference/class/WebhookCollectionClient#list
https://docs.apify.com/api/v2#/reference/webhook-dispatches/webhook-dispatch-object/get-webhook-dispatch,https://docs.apify.com/api/client/js/reference/class/WebhookDispatchClient#get,https://docs.apify.com/api/client/python/reference/class/WebhookDispatchClient#get
https://docs.apify.com/api/v2#/reference/webhook-dispatches/webhook-dispatches-collection/get-list-of-webhook-dispatches,https://docs.apify.com/api/client/js/reference/class/WebhookDispatchCollectionClient#list,https://docs.apify.com/api/client/python/reference/class/WebhookDispatchCollectionClient#list